<?xml version="1.0"?>
<PluginConfig>
	<Field id="topLabel" type="label" fontSize="small" fontColor="darkgray">
		<Label>If you are having problems with the plugin (or you are instructed by support), you can enable extra logging in the Event Log window by checking this button. Use with caution.</Label>
	</Field>
	<Field id="showDebugInfo" type="checkbox">
		<Label>Enable debuging:</Label>
		<Description>(not recommended)</Description>
	</Field>
  <Field id="updaterEmailsEnabled" type="checkbox" defaultValue="true">
    <Label>Email Update Notifications:</Label>
  </Field>
  <Field id="updaterEmail" type="textfield">
  	<Label>Email:</Label>
  </Field>
</PluginConfig>
